{"count":1,"self":39.7999552,"total":177.456658,"children":{"InitializeActuators":{"count":32,"self":0.001568,"total":0.001568,"children":null},"InitializeSensors":{"count":32,"self":0.00076399999999999992,"total":0.00076399999999999992,"children":null},"AgentSendState":{"count":25917,"self":0.323491,"total":1.7039009999999999,"children":{"CollectObservations":{"count":165888,"self":0.135925,"total":0.135925,"children":null},"WriteActionMask":{"count":165888,"self":0.061022,"total":0.061022,"children":null},"RequestDecision":{"count":165888,"self":0.27605399999999997,"total":1.183463,"children":{"AgentInfo.ToProto":{"count":165888,"self":0.29967299999999997,"total":0.90740899999999991,"children":{"GenerateSensorData":{"count":165888,"self":0.60773599999999994,"total":0.60773599999999994,"children":null}}}}}}},"DecideAction":{"count":25917,"self":132.81514239999998,"total":132.81514199999998,"children":null},"AgentAct":{"count":25917,"self":3.0881749999999997,"total":3.13466,"children":{"AgentInfo.ToProto":{"count":4531,"self":0.017771,"total":0.046485,"children":{"GenerateSensorData":{"count":4531,"self":0.028714,"total":0.028714,"children":null}}}}}},"gauges":{"GhostRLAgent.CumulativeReward":{"count":4531,"max":201.332672,"min":-21.4576569,"runningAverage":1.09887588,"value":-19.8155651,"weightedAverage":-15.451786}},"metadata":{"timer_format_version":"0.1.0","start_time_seconds":"1734560164","unity_version":"2022.3.38f1","command_line_arguments":"\/Applications\/Unity\/Hub\/Editor\/2022.3.38f1\/Unity.app\/Contents\/MacOS\/Unity -projectpath \/Users\/yeinkim\/Documents\/GameDev\/Pacman_AI -useHub -hubIPC -cloudEnvironment production","communication_protocol_version":"1.5.0","com.unity.ml-agents_version":"3.0.0","scene_name":"ghost_training_scene","end_time_seconds":"1734560341"}}